RegionCode,IndustryCode,Year,Month,EmploymentCount
01,23,2019,,7014
01,23,2020,,6893
01,23,2021,,7139
01,23,2022,,7259
01,23,2023,,7636
01,23,2024,,7761
01,23,2025,,8018
01,31-33,2019,,6105
01,31-33,2020,,6356
01,31-33,2021,,6330
01,31-33,2022,,6531
01,31-33,2023,,6779
01,31-33,2024,,6716
01,31-33,2025,,6923
01,41,2019,,4913
01,41,2020,,4980
01,41,2021,,4981
01,41,2022,,5195
01,41,2023,,5368
01,41,2024,,5217
01,41,2025,,5584
01,44-45,2019,,7743
01,44-45,2020,,6802
01,44-45,2021,,7796
01,44-45,2022,,8343
01,44-45,2023,,8201
01,44-45,2024,,8242
01,44-45,2025,,8409
01,48-49,2019,,5326
01,48-49,2020,,5354
01,48-49,2021,,5528
01,48-49,2022,,5613
01,48-49,2023,,5659
01,48-49,2024,,5923
01,48-49,2025,,5832
01,52,2019,,4186
01,52,2020,,4341
01,52,2021,,4373
01,52,2022,,4525
01,52,2023,,4538
01,52,2024,,4664
01,52,2025,,4572
01,54,2019,,5816
01,54,2020,,5955
01,54,2021,,5996
01,54,2022,,6174
01,54,2023,,6247
01,54,2024,,6441
01,54,2025,,6713
01,56,2019,,4830
01,56,2020,,4928
01,56,2021,,4977
01,56,2022,,5095
01,56,2023,,5409
01,56,2024,,5424
01,56,2025,,5519
01,62,2019,,8183
01,62,2020,,7596
01,62,2021,,8509
01,62,2022,,8794
01,62,2023,,9301
01,62,2024,,9294
01,62,2025,,9433
01,72,2019,,6681
01,72,2020,,6053
01,72,2021,,6989
01,72,2022,,6899
01,72,2023,,6952
01,72,2024,,7215
01,72,2025,,7338
01,91,2019,,3417
01,91,2020,,3642
01,91,2021,,3700
01,91,2022,,3650
01,91,2023,,3800
01,91,2024,,3816
01,91,2025,,4014
02,23,2019,,11565
02,23,2020,,11659
02,23,2021,,11879
02,23,2022,,12349
02,23,2023,,12371
02,23,2024,,12865
02,23,2025,,13368
02,31-33,2019,,10371
02,31-33,2020,,10464
02,31-33,2021,,11180
02,31-33,2022,,11079
02,31-33,2023,,11017
02,31-33,2024,,11207
02,31-33,2025,,11476
02,41,2019,,8178
02,41,2020,,8423
02,41,2021,,8404
02,41,2022,,8387
02,41,2023,,8722
02,41,2024,,9227
02,41,2025,,9155
02,44-45,2019,,13114
02,44-45,2020,,11695
02,44-45,2021,,12879
02,44-45,2022,,13713
02,44-45,2023,,13955
02,44-45,2024,,14112
02,44-45,2025,,14161
02,48-49,2019,,8769
02,48-49,2020,,8662
02,48-49,2021,,9011
02,48-49,2022,,9202
02,48-49,2023,,9668
02,48-49,2024,,9817
02,48-49,2025,,9653
02,52,2019,,6956
02,52,2020,,6958
02,52,2021,,7416
02,52,2022,,7546
02,52,2023,,7438
02,52,2024,,7744
02,52,2025,,7885
02,54,2019,,9649
02,54,2020,,10210
02,54,2021,,10277
02,54,2022,,10633
02,54,2023,,10686
02,54,2024,,10554
02,54,2025,,10981
02,56,2019,,7881
02,56,2020,,8491
02,56,2021,,8635
02,56,2022,,8784
02,56,2023,,8683
02,56,2024,,8722
02,56,2025,,9347
02,62,2019,,14286
02,62,2020,,12177
02,62,2021,,14462
02,62,2022,,14383
02,62,2023,,15295
02,62,2024,,15606
02,62,2025,,15318
02,72,2019,,10998
02,72,2020,,9916
02,72,2021,,11297
02,72,2022,,11949
02,72,2023,,11867
02,72,2024,,11950
02,72,2025,,12433
02,91,2019,,5877
02,91,2020,,5807
02,91,2021,,5963
02,91,2022,,6334
02,91,2023,,6331
02,91,2024,,6376
02,91,2025,,6535
03,23,2019,,27193
03,23,2020,,27913
03,23,2021,,28669
03,23,2022,,29685
03,23,2023,,29632
03,23,2024,,30206
03,23,2025,,30530
03,31-33,2019,,25240
03,31-33,2020,,25128
03,31-33,2021,,26689
03,31-33,2022,,27149
03,31-33,2023,,26409
03,31-33,2024,,27215
03,31-33,2025,,28488
03,41,2019,,19144
03,41,2020,,19429
03,41,2021,,20794
03,41,2022,,20758
03,41,2023,,21049
03,41,2024,,21872
03,41,2025,,22340
03,44-45,2019,,30040
03,44-45,2020,,26809
03,44-45,2021,,31713
03,44-45,2022,,32333
03,44-45,2023,,33066
03,44-45,2024,,34258
03,44-45,2025,,34828
03,48-49,2019,,21475
03,48-49,2020,,20774
03,48-49,2021,,21585
03,48-49,2022,,21933
03,48-49,2023,,23080
03,48-49,2024,,22694
03,48-49,2025,,23065
03,52,2019,,16644
03,52,2020,,16949
03,52,2021,,17139
03,52,2022,,17451
03,52,2023,,18530
03,52,2024,,18370
03,52,2025,,19209
03,54,2019,,23723
03,54,2020,,23474
03,54,2021,,25344
03,54,2022,,25605
03,54,2023,,26322
03,54,2024,,26781
03,54,2025,,27193
03,56,2019,,19088
03,56,2020,,19850
03,56,2021,,19917
03,56,2022,,20547
03,56,2023,,20525
03,56,2024,,21349
03,56,2025,,22574
03,62,2019,,32920
03,62,2020,,30482
03,62,2021,,34646
03,62,2022,,35271
03,62,2023,,37135
03,62,2024,,37962
03,62,2025,,37729
03,72,2019,,26781
03,72,2020,,23236
03,72,2021,,27167
03,72,2022,,28841
03,72,2023,,28749
03,72,2024,,29260
03,72,2025,,30212
03,91,2019,,13543
03,91,2020,,14262
03,91,2021,,14477
03,91,2022,,15077
03,91,2023,,14750
03,91,2024,,15785
03,91,2025,,15273
04,23,2019,,11375
04,23,2020,,11893
04,23,2021,,12189
04,23,2022,,12108
04,23,2023,,12263
04,23,2024,,13100
04,23,2025,,12858
04,31-33,2019,,10493
04,31-33,2020,,10719
04,31-33,2021,,10803
04,31-33,2022,,11129
04,31-33,2023,,11310
04,31-33,2024,,11821
04,31-33,2025,,11542
04,41,2019,,8221
04,41,2020,,8148
04,41,2021,,8391
04,41,2022,,8701
04,41,2023,,8679
04,41,2024,,8861
04,41,2025,,9277
04,44-45,2019,,12426
04,44-45,2020,,11419
04,44-45,2021,,13665
04,44-45,2022,,13937
04,44-45,2023,,13451
04,44-45,2024,,13838
04,44-45,2025,,14160
04,48-49,2019,,8921
04,48-49,2020,,9072
04,48-49,2021,,9252
04,48-49,2022,,9155
04,48-49,2023,,9219
04,48-49,2024,,9792
04,48-49,2025,,9912
04,52,2019,,7003
04,52,2020,,7303
04,52,2021,,7304
04,52,2022,,7164
04,52,2023,,7673
04,52,2024,,7588
04,52,2025,,7910
04,54,2019,,10114
04,54,2020,,9831
04,54,2021,,10016
04,54,2022,,10211
04,54,2023,,10701
04,54,2024,,10732
04,54,2025,,11168
04,56,2019,,8221
04,56,2020,,8131
04,56,2021,,8511
04,56,2022,,8490
04,56,2023,,8778
04,56,2024,,9178
04,56,2025,,9329
04,62,2019,,13572
04,62,2020,,12431
04,62,2021,,14281
04,62,2022,,14324
04,62,2023,,15304
04,62,2024,,15487
04,62,2025,,15444
04,72,2019,,11173
04,72,2020,,9917
04,72,2021,,11409
04,72,2022,,11344
04,72,2023,,11618
04,72,2024,,12440
04,72,2025,,12704
04,91,2019,,5812
04,91,2020,,6031
04,91,2021,,6061
04,91,2022,,6022
04,91,2023,,6134
04,91,2024,,6326
04,91,2025,,6684
05,23,2019,,14160
05,23,2020,,14498
05,23,2021,,14821
05,23,2022,,14507
05,23,2023,,14833
05,23,2024,,14995
05,23,2025,,15931
05,31-33,2019,,12810
05,31-33,2020,,12700
05,31-33,2021,,13121
05,31-33,2022,,13012
05,31-33,2023,,13903
05,31-33,2024,,14127
05,31-33,2025,,14504
05,41,2019,,9920
05,41,2020,,10161
05,41,2021,,9843
05,41,2022,,10481
05,41,2023,,10435
05,41,2024,,11030
05,41,2025,,11166
05,44-45,2019,,15638
05,44-45,2020,,13993
05,44-45,2021,,15699
05,44-45,2022,,16521
05,44-45,2023,,16176
05,44-45,2024,,17274
05,44-45,2025,,17606
05,48-49,2019,,10261
05,48-49,2020,,10845
05,48-49,2021,,10830
05,48-49,2022,,10944
05,48-49,2023,,11495
05,48-49,2024,,11332
05,48-49,2025,,11415
05,52,2019,,8194
05,52,2020,,8427
05,52,2021,,8874
05,52,2022,,9106
05,52,2023,,8916
05,52,2024,,9294
05,52,2025,,9344
05,54,2019,,12167
05,54,2020,,12088
05,54,2021,,12628
05,54,2022,,12260
05,54,2023,,13162
05,54,2024,,12805
05,54,2025,,13687
05,56,2019,,9602
05,56,2020,,9700
05,56,2021,,10092
05,56,2022,,10476
05,56,2023,,10424
05,56,2024,,10821
05,56,2025,,10975
05,62,2019,,16580
05,62,2020,,15054
05,62,2021,,17114
05,62,2022,,17939
05,62,2023,,17531
05,62,2024,,18904
05,62,2025,,18845
05,72,2019,,13391
05,72,2020,,12036
05,72,2021,,13892
05,72,2022,,13912
05,72,2023,,13937
05,72,2024,,14736
05,72,2025,,14733
05,91,2019,,6878
05,91,2020,,7243
05,91,2021,,7332
05,91,2022,,7293
05,91,2023,,7443
05,91,2024,,7638
05,91,2025,,7788
06,23,2019,,68712
06,23,2020,,69369
06,23,2021,,72030
06,23,2022,,75773
06,23,2023,,76100
06,23,2024,,78661
06,23,2025,,78884
06,31-33,2019,,61860
06,31-33,2020,,64044
06,31-33,2021,,63185
06,31-33,2022,,65591
06,31-33,2023,,67484
06,31-33,2024,,69456
06,31-33,2025,,71162
06,41,2019,,48593
06,41,2020,,49497
06,41,2021,,49792
06,41,2022,,51593
06,41,2023,,53978
06,41,2024,,54718
06,41,2025,,53752
06,44-45,2019,,74615
06,44-45,2020,,68749
06,44-45,2021,,80248
06,44-45,2022,,80402
06,44-45,2023,,84412
06,44-45,2024,,85759
06,44-45,2025,,87069
06,48-49,2019,,51311
06,48-49,2020,,52256
06,48-49,2021,,52732
06,48-49,2022,,54519
06,48-49,2023,,56390
06,48-49,2024,,58812
06,48-49,2025,,57250
06,52,2019,,41524
06,52,2020,,42905
06,52,2021,,42629
06,52,2022,,44815
06,52,2023,,45164
06,52,2024,,45375
06,52,2025,,47445
06,54,2019,,57376
06,54,2020,,61221
06,54,2021,,62516
06,54,2022,,61268
06,54,2023,,63717
06,54,2024,,64015
06,54,2025,,68420
06,56,2019,,48748
06,56,2020,,48329
06,56,2021,,49900
06,56,2022,,52756
06,56,2023,,52572
06,56,2024,,54736
06,56,2025,,55390
06,62,2019,,85921
06,62,2020,,75359
06,62,2021,,89195
06,62,2022,,90668
06,62,2023,,90970
06,62,2024,,93379
06,62,2025,,94037
06,72,2019,,67397
06,72,2020,,59490
06,72,2021,,70395
06,72,2022,,71157
06,72,2023,,71425
06,72,2024,,71911
06,72,2025,,73295
06,91,2019,,35069
06,91,2020,,36044
06,91,2021,,36234
06,91,2022,,37192
06,91,2023,,37140
06,91,2024,,37429
06,91,2025,,38667
07,23,2019,,16009
07,23,2020,,16377
07,23,2021,,16928
07,23,2022,,16851
07,23,2023,,17286
07,23,2024,,18129
07,23,2025,,18506
07,31-33,2019,,14226
07,31-33,2020,,14818
07,31-33,2021,,15237
07,31-33,2022,,15424
07,31-33,2023,,15534
07,31-33,2024,,16051
07,31-33,2025,,16851
07,41,2019,,11419
07,41,2020,,11725
07,41,2021,,12074
07,41,2022,,12249
07,41,2023,,12210
07,41,2024,,12173
07,41,2025,,12682
07,44-45,2019,,18126
07,44-45,2020,,16366
07,44-45,2021,,19081
07,44-45,2022,,18855
07,44-45,2023,,19613
07,44-45,2024,,19768
07,44-45,2025,,20232
07,48-49,2019,,11969
07,48-49,2020,,12208
07,48-49,2021,,12616
07,48-49,2022,,12553
07,48-49,2023,,13047
07,48-49,2024,,13585
07,48-49,2025,,13631
07,52,2019,,9543
07,52,2020,,9914
07,52,2021,,9906
07,52,2022,,10411
07,52,2023,,10242
07,52,2024,,10684
07,52,2025,,11010
07,54,2019,,13405
07,54,2020,,14193
07,54,2021,,14040
07,54,2022,,14607
07,54,2023,,14531
07,54,2024,,15122
07,54,2025,,15268
07,56,2019,,11244
07,56,2020,,11771
07,56,2021,,11735
07,56,2022,,12240
07,56,2023,,12543
07,56,2024,,12358
07,56,2025,,12474
07,62,2019,,18916
07,62,2020,,17525
07,62,2021,,20873
07,62,2022,,20484
07,62,2023,,21273
07,62,2024,,21868
07,62,2025,,22135
07,72,2019,,15655
07,72,2020,,14214
07,72,2021,,15753
07,72,2022,,15893
07,72,2023,,16343
07,72,2024,,16643
07,72,2025,,17542
07,91,2019,,8147
07,91,2020,,8138
07,91,2021,,8544
07,91,2022,,8750
07,91,2023,,8609
07,91,2024,,9018
07,91,2025,,9275
08,23,2019,,6795
08,23,2020,,7231
08,23,2021,,7439
08,23,2022,,7208
08,23,2023,,7315
08,23,2024,,7593
08,23,2025,,7917
08,31-33,2019,,6432
08,31-33,2020,,6346
08,31-33,2021,,6597
08,31-33,2022,,6475
08,31-33,2023,,6854
08,31-33,2024,,6965
08,31-33,2025,,6882
08,41,2019,,4949
08,41,2020,,5071
08,41,2021,,5096
08,41,2022,,5050
08,41,2023,,5423
08,41,2024,,5467
08,41,2025,,5433
08,44-45,2019,,7619
08,44-45,2020,,6815
08,44-45,2021,,7964
08,44-45,2022,,8043
08,44-45,2023,,8456
08,44-45,2024,,8612
08,44-45,2025,,8413
08,48-49,2019,,5361
08,48-49,2020,,5365
08,48-49,2021,,5535
08,48-49,2022,,5605
08,48-49,2023,,5625
08,48-49,2024,,5841
08,48-49,2025,,6039
08,52,2019,,4116
08,52,2020,,4336
08,52,2021,,4352
08,52,2022,,4425
08,52,2023,,4500
08,52,2024,,4672
08,52,2025,,4635
08,54,2019,,6037
08,54,2020,,6150
08,54,2021,,5999
08,54,2022,,6418
08,54,2023,,6302
08,54,2024,,6514
08,54,2025,,6703
08,56,2019,,4834
08,56,2020,,4826
08,56,2021,,5172
08,56,2022,,5068
08,56,2023,,5179
08,56,2024,,5472
08,56,2025,,5431
08,62,2019,,8538
08,62,2020,,7583
08,62,2021,,8568
08,62,2022,,8598
08,62,2023,,9278
08,62,2024,,8987
08,62,2025,,9525
08,72,2019,,6604
08,72,2020,,6023
08,72,2021,,6954
08,72,2022,,7074
08,72,2023,,7149
08,72,2024,,7424
08,72,2025,,7260
08,91,2019,,3420
08,91,2020,,3588
08,91,2021,,3576
08,91,2022,,3709
08,91,2023,,3758
08,91,2024,,3847
08,91,2025,,3899
09,23,2019,,3529
09,23,2020,,3511
09,23,2021,,3662
09,23,2022,,3640
09,23,2023,,3708
09,23,2024,,3752
09,23,2025,,3844
09,31-33,2019,,3058
09,31-33,2020,,3199
09,31-33,2021,,3308
09,31-33,2022,,3259
09,31-33,2023,,3330
09,31-33,2024,,3452
09,31-33,2025,,3572
09,41,2019,,2504
09,41,2020,,2487
09,41,2021,,2500
09,41,2022,,2521
09,41,2023,,2587
09,41,2024,,2644
09,41,2025,,2689
09,44-45,2019,,3714
09,44-45,2020,,3441
09,44-45,2021,,3926
09,44-45,2022,,4175
09,44-45,2023,,4154
09,44-45,2024,,4274
09,44-45,2025,,4212
09,48-49,2019,,2666
09,48-49,2020,,2659
09,48-49,2021,,2774
09,48-49,2022,,2780
09,48-49,2023,,2818
09,48-49,2024,,2869
09,48-49,2025,,2882
09,52,2019,,2030
09,52,2020,,2185
09,52,2021,,2168
09,52,2022,,2257
09,52,2023,,2245
09,52,2024,,2245
09,52,2025,,2368
09,54,2019,,2877
09,54,2020,,2952
09,54,2021,,3087
09,54,2022,,3100
09,54,2023,,3295
09,54,2024,,3189
09,54,2025,,3382
09,56,2019,,2450
09,56,2020,,2526
09,56,2021,,2491
09,56,2022,,2587
09,56,2023,,2627
09,56,2024,,2678
09,56,2025,,2801
09,62,2019,,4296
09,62,2020,,3702
09,62,2021,,4374
09,62,2022,,4458
09,62,2023,,4583
09,62,2024,,4732
09,62,2025,,4618
09,72,2019,,3247
09,72,2020,,2994
09,72,2021,,3367
09,72,2022,,3437
09,72,2023,,3485
09,72,2024,,3539
09,72,2025,,3710
09,91,2019,,1748
09,91,2020,,1751
09,91,2021,,1780
09,91,2022,,1868
09,91,2023,,1905
09,91,2024,,1914
09,91,2025,,1980
10,23,2019,,1902
10,23,2020,,1924
10,23,2021,,1944
10,23,2022,,1987
10,23,2023,,2060
10,23,2024,,2038
10,23,2025,,2094
10,31-33,2019,,1684
10,31-33,2020,,1744
10,31-33,2021,,1771
10,31-33,2022,,1726
10,31-33,2023,,1770
10,31-33,2024,,1822
10,31-33,2025,,1908
10,41,2019,,1303
10,41,2020,,1307
10,41,2021,,1320
10,41,2022,,1393
10,41,2023,,1422
10,41,2024,,1471
10,41,2025,,1462
10,44-45,2019,,2039
10,44-45,2020,,1785
10,44-45,2021,,2064
10,44-45,2022,,2156
10,44-45,2023,,2185
10,44-45,2024,,2219
10,44-45,2025,,2241
10,48-49,2019,,1429
10,48-49,2020,,1447
10,48-49,2021,,1454
10,48-49,2022,,1516
10,48-49,2023,,1551
10,48-49,2024,,1551
10,48-49,2025,,1545
10,52,2019,,1082
10,52,2020,,1152
10,52,2021,,1155
10,52,2022,,1191
10,52,2023,,1234
10,52,2024,,1205
10,52,2025,,1259
10,54,2019,,1589
10,54,2020,,1607
10,54,2021,,1600
10,54,2022,,1658
10,54,2023,,1689
10,54,2024,,1758
10,54,2025,,1813
10,56,2019,,1285
10,56,2020,,1339
10,56,2021,,1333
10,56,2022,,1414
10,56,2023,,1432
10,56,2024,,1438
10,56,2025,,1458
10,62,2019,,2201
10,62,2020,,1976
10,62,2021,,2381
10,62,2022,,2348
10,62,2023,,2411
10,62,2024,,2529
10,62,2025,,2530
10,72,2019,,1766
10,72,2020,,1573
10,72,2021,,1799
10,72,2022,,1854
10,72,2023,,1936
10,72,2024,,1960
10,72,2025,,2015
10,91,2019,,911
10,91,2020,,948
10,91,2021,,989
10,91,2022,,980
10,91,2023,,1015
10,91,2024,,1000
10,91,2025,,1074
11,23,2019,,3500
11,23,2020,,3492
11,23,2021,,3544
11,23,2022,,3702
11,23,2023,,3776
11,23,2024,,3746
11,23,2025,,4032
11,31-33,2019,,3207
11,31-33,2020,,3185
11,31-33,2021,,3182
11,31-33,2022,,3388
11,31-33,2023,,3388
11,31-33,2024,,3501
11,31-33,2025,,3527
11,41,2019,,2401
11,41,2020,,2533
11,41,2021,,2606
11,41,2022,,2544
11,41,2023,,2643
11,41,2024,,2669
11,41,2025,,2811
11,44-45,2019,,3827
11,44-45,2020,,3512
11,44-45,2021,,4067
11,44-45,2022,,4005
11,44-45,2023,,4213
11,44-45,2024,,4202
11,44-45,2025,,4421
11,48-49,2019,,2609
11,48-49,2020,,2712
11,48-49,2021,,2678
11,48-49,2022,,2734
11,48-49,2023,,2838
11,48-49,2024,,2966
11,48-49,2025,,2935
11,52,2019,,2042
11,52,2020,,2133
11,52,2021,,2151
11,52,2022,,2221
11,52,2023,,2264
11,52,2024,,2297
11,52,2025,,2325
11,54,2019,,2901
11,54,2020,,3051
11,54,2021,,3089
11,54,2022,,3087
11,54,2023,,3253
11,54,2024,,3174
11,54,2025,,3378
11,56,2019,,2464
11,56,2020,,2529
11,56,2021,,2515
11,56,2022,,2609
11,56,2023,,2686
11,56,2024,,2765
11,56,2025,,2741
11,62,2019,,4057
11,62,2020,,3747
11,62,2021,,4366
11,62,2022,,4527
11,62,2023,,4619
11,62,2024,,4591
11,62,2025,,4707
11,72,2019,,3295
11,72,2020,,3005
11,72,2021,,3419
11,72,2022,,3539
11,72,2023,,3502
11,72,2024,,3641
11,72,2025,,3825
11,91,2019,,1722
11,91,2020,,1794
11,91,2021,,1825
11,91,2022,,1884
11,91,2023,,1922
11,91,2024,,1961
11,91,2025,,1944
12,23,2019,,13759
12,23,2020,,14377
12,23,2021,,14700
12,23,2022,,15094
12,23,2023,,14640
12,23,2024,,14963
12,23,2025,,15791
12,31-33,2019,,12837
12,31-33,2020,,13153
12,31-33,2021,,13220
12,31-33,2022,,13235
12,31-33,2023,,13227
12,31-33,2024,,13935
12,31-33,2025,,14416
12,41,2019,,9706
12,41,2020,,10049
12,41,2021,,10377
12,41,2022,,10053
12,41,2023,,10729
12,41,2024,,10619
12,41,2025,,10885
12,44-45,2019,,14978
12,44-45,2020,,13762
12,44-45,2021,,15985
12,44-45,2022,,16526
12,44-45,2023,,16237
12,44-45,2024,,16470
12,44-45,2025,,17618
12,48-49,2019,,10509
12,48-49,2020,,10477
12,48-49,2021,,11125
12,48-49,2022,,10836
12,48-49,2023,,11268
12,48-49,2024,,11350
12,48-49,2025,,11578
12,52,2019,,8102
12,52,2020,,8670
12,52,2021,,8894
12,52,2022,,8953
12,52,2023,,8850
12,52,2024,,9184
12,52,2025,,9313
12,54,2019,,11888
12,54,2020,,12163
12,54,2021,,12247
12,54,2022,,12361
12,54,2023,,13066
12,54,2024,,12821
12,54,2025,,13225
12,56,2019,,9729
12,56,2020,,9777
12,56,2021,,10176
12,56,2022,,10381
12,56,2023,,10853
12,56,2024,,10620
12,56,2025,,11282
12,62,2019,,16854
12,62,2020,,14783
12,62,2021,,17438
12,62,2022,,17915
12,62,2023,,18337
12,62,2024,,17934
12,62,2025,,18922
12,72,2019,,13214
12,72,2020,,12151
12,72,2021,,13574
12,72,2022,,14277
12,72,2023,,14398
12,72,2024,,14463
12,72,2025,,15006
12,91,2019,,7006
12,91,2020,,7171
12,91,2021,,7333
12,91,2022,,7452
12,91,2023,,7682
12,91,2024,,7739
12,91,2025,,8023
13,23,2019,,18713
13,23,2020,,18704
13,23,2021,,19231
13,23,2022,,19780
13,23,2023,,20359
13,23,2024,,19977
13,23,2025,,20634
13,31-33,2019,,16943
13,31-33,2020,,16698
13,31-33,2021,,16986
13,31-33,2022,,17759
13,31-33,2023,,18583
13,31-33,2024,,18467
13,31-33,2025,,19268
13,41,2019,,13242
13,41,2020,,13052
13,41,2021,,13773
13,41,2022,,13765
13,41,2023,,14314
13,41,2024,,14549
13,41,2025,,14482
13,44-45,2019,,19934
13,44-45,2020,,18824
13,44-45,2021,,20772
13,44-45,2022,,22260
13,44-45,2023,,22565
13,44-45,2024,,22832
13,44-45,2025,,23641
13,48-49,2019,,14303
13,48-49,2020,,14450
13,48-49,2021,,14358
13,48-49,2022,,15022
13,48-49,2023,,14620
13,48-49,2024,,15394
13,48-49,2025,,15625
13,52,2019,,11245
13,52,2020,,11470
13,52,2021,,11638
13,52,2022,,12040
13,52,2023,,12366
13,52,2024,,12000
13,52,2025,,12334
13,54,2019,,15318
13,54,2020,,16454
13,54,2021,,16465
13,54,2022,,17150
13,54,2023,,16782
13,54,2024,,16953
13,54,2025,,18102
13,56,2019,,13304
13,56,2020,,13088
13,56,2021,,13435
13,56,2022,,13482
13,56,2023,,14432
13,56,2024,,14168
13,56,2025,,14617
13,62,2019,,21722
13,62,2020,,20445
13,62,2021,,22653
13,62,2022,,23557
13,62,2023,,24342
13,62,2024,,24936
13,62,2025,,25740
13,72,2019,,17537
13,72,2020,,16048
13,72,2021,,17955
13,72,2022,,18606
13,72,2023,,18616
13,72,2024,,19444
13,72,2025,,19737
13,91,2019,,9526
13,91,2020,,9195
13,91,2021,,9575
13,91,2022,,9809
13,91,2023,,10311
13,91,2024,,10459
13,91,2025,,10194
14,23,2019,,16412
14,23,2020,,16600
14,23,2021,,17371
14,23,2022,,17079
14,23,2023,,17462
14,23,2024,,17587
14,23,2025,,17865
14,31-33,2019,,14913
14,31-33,2020,,14860
14,31-33,2021,,15347
14,31-33,2022,,15634
14,31-33,2023,,15905
14,31-33,2024,,15665
14,31-33,2025,,16734
14,41,2019,,11187
14,41,2020,,11329
14,41,2021,,11867
14,41,2022,,11745
14,41,2023,,12494
14,41,2024,,12324
14,41,2025,,12577
14,44-45,2019,,18251
14,44-45,2020,,15861
14,44-45,2021,,18183
14,44-45,2022,,19403
14,44-45,2023,,18750
14,44-45,2024,,20137
14,44-45,2025,,19679
14,48-49,2019,,11903
14,48-49,2020,,12231
14,48-49,2021,,12418
14,48-49,2022,,13043
14,48-49,2023,,12802
14,48-49,2024,,13049
14,48-49,2025,,13948
14,52,2019,,9585
14,52,2020,,9828
14,52,2021,,9934
14,52,2022,,10057
14,52,2023,,10694
14,52,2024,,10769
14,52,2025,,11129
14,54,2019,,13777
14,54,2020,,14307
14,54,2021,,14365
14,54,2022,,14298
14,54,2023,,14937
14,54,2024,,15640
14,54,2025,,15112
14,56,2019,,11555
14,56,2020,,11844
14,56,2021,,11836
14,56,2022,,12027
14,56,2023,,12641
14,56,2024,,12214
14,56,2025,,12779
14,62,2019,,19363
14,62,2020,,17678
14,62,2021,,20253
14,62,2022,,21178
14,62,2023,,20544
14,62,2024,,20964
14,62,2025,,22078
14,72,2019,,15018
14,72,2020,,13654
14,72,2021,,16171
14,72,2022,,16411
14,72,2023,,16516
14,72,2024,,17530
14,72,2025,,17397
14,91,2019,,8093
14,91,2020,,8330
14,91,2021,,8240
14,91,2022,,8716
14,91,2023,,8970
14,91,2024,,9041
14,91,2025,,9287
15,23,2019,,18796
15,23,2020,,18598
15,23,2021,,19244
15,23,2022,,19365
15,23,2023,,19885
15,23,2024,,20424
15,23,2025,,20785
15,31-33,2019,,16290
15,31-33,2020,,16954
15,31-33,2021,,17542
15,31-33,2022,,17583
15,31-33,2023,,17695
15,31-33,2024,,18901
15,31-33,2025,,18313
15,41,2019,,13244
15,41,2020,,12921
15,41,2021,,13183
15,41,2022,,13977
15,41,2023,,14318
15,41,2024,,14385
15,41,2025,,14699
15,44-45,2019,,20481
15,44-45,2020,,18129
15,44-45,2021,,20748
15,44-45,2022,,21464
15,44-45,2023,,22307
15,44-45,2024,,22867
15,44-45,2025,,23487
15,48-49,2019,,14097
15,48-49,2020,,14590
15,48-49,2021,,14562
15,48-49,2022,,14633
15,48-49,2023,,15130
15,48-49,2024,,15096
15,48-49,2025,,15815
15,52,2019,,10946
15,52,2020,,11086
15,52,2021,,11820
15,52,2022,,11717
15,52,2023,,12237
15,52,2024,,12343
15,52,2025,,12765
15,54,2019,,16094
15,54,2020,,16541
15,54,2021,,16718
15,54,2022,,16847
15,54,2023,,17214
15,54,2024,,16914
15,54,2025,,18214
15,56,2019,,13242
15,56,2020,,13060
15,56,2021,,13251
15,56,2022,,13947
15,56,2023,,13894
15,56,2024,,14199
15,56,2025,,14190
15,62,2019,,22754
15,62,2020,,20060
15,62,2021,,23022
15,62,2022,,23115
15,62,2023,,24288
15,62,2024,,23885
15,62,2025,,25439
15,72,2019,,17321
15,72,2020,,15742
15,72,2021,,18160
15,72,2022,,18556
15,72,2023,,19329
15,72,2024,,19780
15,72,2025,,19927
15,91,2019,,9044
15,91,2020,,9206
15,91,2021,,9451
15,91,2022,,9912
15,91,2023,,10144
15,91,2024,,10100
15,91,2025,,10547
16,23,2019,,44020
16,23,2020,,44782
16,23,2021,,45214
16,23,2022,,47469
16,23,2023,,46584
16,23,2024,,48439
16,23,2025,,48971
16,31-33,2019,,40076
16,31-33,2020,,40412
16,31-33,2021,,41667
16,31-33,2022,,40931
16,31-33,2023,,42651
16,31-33,2024,,44040
16,31-33,2025,,43335
16,41,2019,,30473
16,41,2020,,30912
16,41,2021,,31388
16,41,2022,,32248
16,41,2023,,33038
16,41,2024,,33044
16,41,2025,,35246
16,44-45,2019,,47520
16,44-45,2020,,43188
16,44-45,2021,,51037
16,44-45,2022,,51430
16,44-45,2023,,53507
16,44-45,2024,,54490
16,44-45,2025,,53176
16,48-49,2019,,33760
16,48-49,2020,,32778
16,48-49,2021,,33385
16,48-49,2022,,35952
16,48-49,2023,,36544
16,48-49,2024,,36648
16,48-49,2025,,37376
16,52,2019,,26767
16,52,2020,,26830
16,52,2021,,26867
16,52,2022,,27246
16,52,2023,,28313
16,52,2024,,29713
16,52,2025,,29980
16,54,2019,,38195
16,54,2020,,39160
16,54,2021,,37999
16,54,2022,,40562
16,54,2023,,39911
16,54,2024,,41567
16,54,2025,,42234
16,56,2019,,30647
16,56,2020,,31099
16,56,2021,,31777
16,56,2022,,32400
16,56,2023,,32718
16,56,2024,,34071
16,56,2025,,33927
16,62,2019,,52901
16,62,2020,,48611
16,62,2021,,54508
16,62,2022,,56871
16,62,2023,,58322
16,62,2024,,59475
16,62,2025,,58597
16,72,2019,,40967
16,72,2020,,36886
16,72,2021,,43813
16,72,2022,,45110
16,72,2023,,45727
16,72,2024,,45316
16,72,2025,,47907
16,91,2019,,22021
16,91,2020,,22812
16,91,2021,,23276
16,91,2022,,23305
16,91,2023,,24451
16,91,2024,,24415
16,91,2025,,25009
17,23,2019,,9344
17,23,2020,,9667
17,23,2021,,9723
17,23,2022,,9636
17,23,2023,,9779
17,23,2024,,10205
17,23,2025,,10321
17,31-33,2019,,8234
17,31-33,2020,,8288
17,31-33,2021,,8688
17,31-33,2022,,8758
17,31-33,2023,,9009
17,31-33,2024,,8971
17,31-33,2025,,9588
17,41,2019,,6327
17,41,2020,,6767
17,41,2021,,6899
17,41,2022,,6937
17,41,2023,,7030
17,41,2024,,7152
17,41,2025,,7335
17,44-45,2019,,10381
17,44-45,2020,,9375
17,44-45,2021,,10583
17,44-45,2022,,11028
17,44-45,2023,,11144
17,44-45,2024,,11144
17,44-45,2025,,11473
17,48-49,2019,,6810
17,48-49,2020,,6909
17,48-49,2021,,7065
17,48-49,2022,,7559
17,48-49,2023,,7459
17,48-49,2024,,7779
17,48-49,2025,,7836
17,52,2019,,5455
17,52,2020,,5590
17,52,2021,,5768
17,52,2022,,5884
17,52,2023,,6032
17,52,2024,,6018
17,52,2025,,6219
17,54,2019,,7781
17,54,2020,,7997
17,54,2021,,8123
17,54,2022,,8415
17,54,2023,,8682
17,54,2024,,8781
17,54,2025,,8647
17,56,2019,,6334
17,56,2020,,6693
17,56,2021,,6667
17,56,2022,,6982
17,56,2023,,7093
17,56,2024,,7343
17,56,2025,,7475
17,62,2019,,11019
17,62,2020,,10040
17,62,2021,,11330
17,62,2022,,11705
17,62,2023,,12386
17,62,2024,,12435
17,62,2025,,12453
17,72,2019,,8861
17,72,2020,,8117
17,72,2021,,9062
17,72,2022,,9281
17,72,2023,,9704
17,72,2024,,9911
17,72,2025,,10024
17,91,2019,,4729
17,91,2020,,4798
17,91,2021,,4878
17,91,2022,,4929
17,91,2023,,5063
17,91,2024,,5096
17,91,2025,,5179
