RegionCode,Year,Month,VacancyCount
01,2019,,466
01,2020,,292
01,2021,,452
01,2022,,653
01,2023,,598
01,2024,,567
01,2025,,556
02,2019,,732
02,2020,,555
02,2021,,736
02,2022,,1054
02,2023,,1067
02,2024,,1076
02,2025,,907
03,2019,,1857
03,2020,,1314
03,2021,,1778
03,2022,,2340
03,2023,,2237
03,2024,,2559
03,2025,,2530
04,2019,,849
04,2020,,485
04,2021,,790
04,2022,,982
04,2023,,1035
04,2024,,947
04,2025,,988
05,2019,,918
05,2020,,655
05,2021,,950
05,2022,,1208
05,2023,,1154
05,2024,,1274
05,2025,,1192
06,2019,,5121
06,2020,,3037
06,2021,,5229
06,2022,,6581
06,2023,,5954
06,2024,,5738
06,2025,,5858
07,2019,,1126
07,2020,,795
07,2021,,1190
07,2022,,1484
07,2023,,1298
07,2024,,1330
07,2025,,1439
08,2019,,515
08,2020,,315
08,2021,,441
08,2022,,641
08,2023,,642
08,2024,,574
08,2025,,631
09,2019,,229
09,2020,,168
09,2021,,223
09,2022,,296
09,2023,,326
09,2024,,283
09,2025,,297
10,2019,,124
10,2020,,75
10,2021,,116
10,2022,,160
10,2023,,151
10,2024,,175
10,2025,,155
11,2019,,217
11,2020,,169
11,2021,,256
11,2022,,308
11,2023,,317
11,2024,,278
11,2025,,287
12,2019,,1023
12,2020,,648
12,2021,,890
12,2022,,1249
12,2023,,1187
12,2024,,1081
12,2025,,1099
13,2019,,1217
13,2020,,887
13,2021,,1292
13,2022,,1672
13,2023,,1608
13,2024,,1475
13,2025,,1532
14,2019,,1075
14,2020,,662
14,2021,,1102
14,2022,,1482
14,2023,,1387
14,2024,,1291
14,2025,,1513
15,2019,,1304
15,2020,,751
15,2021,,1283
15,2022,,1517
15,2023,,1485
15,2024,,1577
15,2025,,1636
16,2019,,2882
16,2020,,1943
16,2021,,3139
16,2022,,3485
16,2023,,4160
16,2024,,3471
16,2025,,3819
17,2019,,640
17,2020,,456
17,2021,,646
17,2022,,782
17,2023,,795
17,2024,,821
17,2025,,876
