RegionCode,ProfessionCode,Year,Month,AverageWage
01,21211,2019,,864.40
01,21211,2020,,875.80
01,21211,2021,,924.16
01,21211,2022,,928.83
01,21211,2023,,965.04
01,21211,2024,,983.14
01,21211,2025,,1011.48
01,21220,2019,,636.43
01,21220,2020,,640.68
01,21220,2021,,647.81
01,21220,2022,,676.26
01,21220,2023,,699.20
01,21220,2024,,697.24
01,21220,2025,,730.74
01,21221,2019,,1065.49
01,21221,2020,,1100.07
01,21221,2021,,1122.53
01,21221,2022,,1156.56
01,21221,2023,,1148.18
01,21221,2024,,1208.69
01,21221,2025,,1220.91
01,21222,2019,,1731.57
01,21222,2020,,1753.56
01,21222,2021,,1805.27
01,21222,2022,,1835.01
01,21222,2023,,1945.41
01,21222,2024,,1957.44
01,21222,2025,,2040.39
01,21223,2019,,874.50
01,21223,2020,,884.27
01,21223,2021,,922.88
01,21223,2022,,923.08
01,21223,2023,,950.66
01,21223,2024,,989.11
01,21223,2025,,1015.26
01,21230,2019,,1445.22
01,21230,2020,,1466.11
01,21230,2021,,1514.66
01,21230,2022,,1581.99
01,21230,2023,,1609.06
01,21230,2024,,1655.93
01,21230,2025,,1660.13
01,22210,2019,,1186.06
01,22210,2020,,1190.59
01,22210,2021,,1218.04
01,22210,2022,,1267.33
01,22210,2023,,1275.82
01,22210,2024,,1319.87
01,22210,2025,,1346.28
01,41402,2019,,715.25
01,41402,2020,,747.28
01,41402,2021,,771.17
01,41402,2022,,780.28
01,41402,2023,,791.08
01,41402,2024,,801.41
01,41402,2025,,839.22
01,60010,2019,,2309.98
01,60010,2020,,2391.32
01,60010,2021,,2429.12
01,60010,2022,,2511.27
01,60010,2023,,2534.54
01,60010,2024,,2560.57
01,60010,2025,,2707.81
01,64300,2019,,3085.69
01,64300,2020,,3238.66
01,64300,2021,,3219.13
01,64300,2022,,3386.95
01,64300,2023,,3460.48
01,64300,2024,,3418.65
01,64300,2025,,3577.32
01,75110,2019,,2508.21
01,75110,2020,,2611.08
01,75110,2021,,2658.29
01,75110,2022,,2748.95
01,75110,2023,,2722.68
01,75110,2024,,2837.84
01,75110,2025,,2923.20
01,31100,2019,,1713.51
01,31100,2020,,1755.24
01,31100,2021,,1847.60
01,31100,2022,,1859.27
01,31100,2023,,1903.30
01,31100,2024,,1961.50
01,31100,2025,,2009.65
01,32101,2019,,1367.73
01,32101,2020,,1414.17
01,32101,2021,,1413.91
01,32101,2022,,1469.17
01,32101,2023,,1491.71
01,32101,2024,,1523.31
01,32101,2025,,1550.17
02,21211,2019,,905.38
02,21211,2020,,911.48
02,21211,2021,,927.31
02,21211,2022,,972.62
02,21211,2023,,985.66
02,21211,2024,,1003.81
02,21211,2025,,1034.11
02,21220,2019,,643.81
02,21220,2020,,658.57
02,21220,2021,,678.78
02,21220,2022,,709.71
02,21220,2023,,705.79
02,21220,2024,,740.40
02,21220,2025,,744.76
02,21221,2019,,1083.40
02,21221,2020,,1141.18
02,21221,2021,,1148.97
02,21221,2022,,1196.44
02,21221,2023,,1202.10
02,21221,2024,,1212.13
02,21221,2025,,1269.98
02,21222,2019,,1824.88
02,21222,2020,,1828.11
02,21222,2021,,1872.26
02,21222,2022,,1893.54
02,21222,2023,,1974.73
02,21222,2024,,2048.31
02,21222,2025,,2092.12
02,21223,2019,,907.63
02,21223,2020,,936.44
02,21223,2021,,947.06
02,21223,2022,,974.86
02,21223,2023,,986.05
02,21223,2024,,993.10
02,21223,2025,,1019.23
02,21230,2019,,1478.33
02,21230,2020,,1552.32
02,21230,2021,,1540.05
02,21230,2022,,1609.37
02,21230,2023,,1634.22
02,21230,2024,,1701.03
02,21230,2025,,1722.83
02,22210,2019,,1205.37
02,22210,2020,,1207.28
02,22210,2021,,1246.25
02,22210,2022,,1310.39
02,22210,2023,,1325.77
02,22210,2024,,1345.88
02,22210,2025,,1390.23
02,41402,2019,,759.70
02,41402,2020,,754.17
02,41402,2021,,799.73
02,41402,2022,,807.52
02,41402,2023,,819.77
02,41402,2024,,846.36
02,41402,2025,,854.29
02,60010,2019,,2436.28
02,60010,2020,,2482.72
02,60010,2021,,2525.71
02,60010,2022,,2536.75
02,60010,2023,,2677.56
02,60010,2024,,2681.74
02,60010,2025,,2796.03
02,64300,2019,,3143.09
02,64300,2020,,3224.39
02,64300,2021,,3302.41
02,64300,2022,,3379.96
02,64300,2023,,3479.85
02,64300,2024,,3615.34
02,64300,2025,,3645.19
02,75110,2019,,2645.85
02,75110,2020,,2701.82
02,75110,2021,,2758.63
02,75110,2022,,2755.79
02,75110,2023,,2862.96
02,75110,2024,,2919.00
02,75110,2025,,2935.39
02,31100,2019,,1785.80
02,31100,2020,,1843.87
02,31100,2021,,1883.95
02,31100,2022,,1901.54
02,31100,2023,,2006.22
02,31100,2024,,1988.85
02,31100,2025,,2076.23
02,32101,2019,,1412.36
02,32101,2020,,1438.22
02,32101,2021,,1485.21
02,32101,2022,,1502.65
02,32101,2023,,1553.26
02,32101,2024,,1538.99
02,32101,2025,,1575.48
03,21211,2019,,905.09
03,21211,2020,,923.53
03,21211,2021,,947.57
03,21211,2022,,973.83
03,21211,2023,,982.41
03,21211,2024,,1013.98
03,21211,2025,,1031.48
03,21220,2019,,653.31
03,21220,2020,,659.36
03,21220,2021,,692.67
03,21220,2022,,695.41
03,21220,2023,,720.57
03,21220,2024,,733.66
03,21220,2025,,738.98
03,21221,2019,,1081.21
03,21221,2020,,1105.49
03,21221,2021,,1148.40
03,21221,2022,,1176.92
03,21221,2023,,1190.48
03,21221,2024,,1237.71
03,21221,2025,,1251.35
03,21222,2019,,1815.72
03,21222,2020,,1858.65
03,21222,2021,,1910.94
03,21222,2022,,1963.72
03,21222,2023,,1942.28
03,21222,2024,,2006.30
03,21222,2025,,2068.22
03,21223,2019,,893.49
03,21223,2020,,919.47
03,21223,2021,,933.12
03,21223,2022,,953.82
03,21223,2023,,969.80
03,21223,2024,,999.91
03,21223,2025,,1026.78
03,21230,2019,,1506.92
03,21230,2020,,1519.05
03,21230,2021,,1592.73
03,21230,2022,,1584.04
03,21230,2023,,1631.49
03,21230,2024,,1685.84
03,21230,2025,,1706.39
03,22210,2019,,1212.63
03,22210,2020,,1227.51
03,22210,2021,,1256.57
03,22210,2022,,1284.66
03,22210,2023,,1304.20
03,22210,2024,,1318.85
03,22210,2025,,1399.91
03,41402,2019,,750.16
03,41402,2020,,781.57
03,41402,2021,,775.95
03,41402,2022,,798.22
03,41402,2023,,806.65
03,41402,2024,,840.14
03,41402,2025,,872.78
03,60010,2019,,2414.81
03,60010,2020,,2452.31
03,60010,2021,,2515.36
03,60010,2022,,2605.12
03,60010,2023,,2621.27
03,60010,2024,,2730.13
03,60010,2025,,2775.87
03,64300,2019,,3233.77
03,64300,2020,,3256.05
03,64300,2021,,3335.58
03,64300,2022,,3435.55
03,64300,2023,,3461.91
03,64300,2024,,3592.95
03,64300,2025,,3605.22
03,75110,2019,,2600.44
03,75110,2020,,2687.93
03,75110,2021,,2697.00
03,75110,2022,,2838.01
03,75110,2023,,2868.13
03,75110,2024,,2868.66
03,75110,2025,,3036.71
03,31100,2019,,1792.36
03,31100,2020,,1863.12
03,31100,2021,,1871.63
03,31100,2022,,1960.91
03,31100,2023,,1991.51
03,31100,2024,,1992.47
03,31100,2025,,2063.88
03,32101,2019,,1400.00
03,32101,2020,,1406.15
03,32101,2021,,1443.87
03,32101,2022,,1488.83
03,32101,2023,,1531.70
03,32101,2024,,1565.88
03,32101,2025,,1611.48
04,21211,2019,,900.56
04,21211,2020,,914.36
04,21211,2021,,946.14
04,21211,2022,,950.53
04,21211,2023,,1005.04
04,21211,2024,,1018.02
04,21211,2025,,1023.28
04,21220,2019,,645.75
04,21220,2020,,673.68
04,21220,2021,,681.12
04,21220,2022,,701.70
04,21220,2023,,706.19
04,21220,2024,,737.47
04,21220,2025,,741.10
04,21221,2019,,1107.65
04,21221,2020,,1146.90
04,21221,2021,,1155.04
04,21221,2022,,1191.64
04,21221,2023,,1215.60
04,21221,2024,,1241.72
04,21221,2025,,1236.93
04,21222,2019,,1798.17
04,21222,2020,,1875.80
04,21222,2021,,1905.07
04,21222,2022,,1948.37
04,21222,2023,,1977.52
04,21222,2024,,2034.60
04,21222,2025,,2070.02
04,21223,2019,,888.14
04,21223,2020,,925.45
04,21223,2021,,946.39
04,21223,2022,,976.69
04,21223,2023,,971.81
04,21223,2024,,1015.66
04,21223,2025,,1012.24
04,21230,2019,,1526.89
04,21230,2020,,1510.56
04,21230,2021,,1539.59
04,21230,2022,,1593.93
04,21230,2023,,1619.93
04,21230,2024,,1693.43
04,21230,2025,,1713.11
04,22210,2019,,1213.20
04,22210,2020,,1248.25
04,22210,2021,,1274.56
04,22210,2022,,1296.84
04,22210,2023,,1291.26
04,22210,2024,,1325.03
04,22210,2025,,1359.32
04,41402,2019,,744.75
04,41402,2020,,772.23
04,41402,2021,,785.70
04,41402,2022,,796.97
04,41402,2023,,810.68
04,41402,2024,,854.16
04,41402,2025,,854.22
04,60010,2019,,2386.01
04,60010,2020,,2481.91
04,60010,2021,,2533.87
04,60010,2022,,2584.17
04,60010,2023,,2648.86
04,60010,2024,,2700.83
04,60010,2025,,2716.98
04,64300,2019,,3167.55
04,64300,2020,,3281.21
04,64300,2021,,3312.04
04,64300,2022,,3490.72
04,64300,2023,,3476.34
04,64300,2024,,3555.06
04,64300,2025,,3624.84
04,75110,2019,,2621.32
04,75110,2020,,2640.33
04,75110,2021,,2704.52
04,75110,2022,,2831.85
04,75110,2023,,2881.23
04,75110,2024,,2886.68
04,75110,2025,,2935.00
04,31100,2019,,1812.72
04,31100,2020,,1832.54
04,31100,2021,,1919.93
04,31100,2022,,1951.62
04,31100,2023,,2007.25
04,31100,2024,,2041.32
04,31100,2025,,2045.84
04,32101,2019,,1388.11
04,32101,2020,,1444.47
04,32101,2021,,1456.14
04,32101,2022,,1495.38
04,32101,2023,,1518.37
04,32101,2024,,1567.27
04,32101,2025,,1585.53
05,21211,2019,,901.39
05,21211,2020,,936.65
05,21211,2021,,949.27
05,21211,2022,,949.56
05,21211,2023,,990.26
05,21211,2024,,1011.87
05,21211,2025,,1020.94
05,21220,2019,,654.42
05,21220,2020,,665.78
05,21220,2021,,684.00
05,21220,2022,,683.43
05,21220,2023,,709.43
05,21220,2024,,734.60
05,21220,2025,,733.11
05,21221,2019,,1111.91
05,21221,2020,,1103.03
05,21221,2021,,1153.50
05,21221,2022,,1197.87
05,21221,2023,,1200.26
05,21221,2024,,1253.90
05,21221,2025,,1279.88
05,21222,2019,,1798.38
05,21222,2020,,1819.26
05,21222,2021,,1918.71
05,21222,2022,,1913.29
05,21222,2023,,1982.91
05,21222,2024,,2049.65
05,21222,2025,,2029.25
05,21223,2019,,902.67
05,21223,2020,,921.99
05,21223,2021,,950.28
05,21223,2022,,980.37
05,21223,2023,,1001.99
05,21223,2024,,995.27
05,21223,2025,,1047.34
05,21230,2019,,1480.55
05,21230,2020,,1560.26
05,21230,2021,,1601.01
05,21230,2022,,1599.28
05,21230,2023,,1642.53
05,21230,2024,,1709.97
05,21230,2025,,1751.06
05,22210,2019,,1220.45
05,22210,2020,,1246.10
05,22210,2021,,1231.18
05,22210,2022,,1288.21
05,22210,2023,,1293.62
05,22210,2024,,1370.47
05,22210,2025,,1363.57
05,41402,2019,,764.67
05,41402,2020,,768.58
05,41402,2021,,784.71
05,41402,2022,,817.04
05,41402,2023,,832.95
05,41402,2024,,839.23
05,41402,2025,,849.07
05,60010,2019,,2362.81
05,60010,2020,,2422.05
05,60010,2021,,2507.54
05,60010,2022,,2544.49
05,60010,2023,,2595.54
05,60010,2024,,2714.44
05,60010,2025,,2782.83
05,64300,2019,,3208.68
05,64300,2020,,3307.29
05,64300,2021,,3305.42
05,64300,2022,,3474.72
05,64300,2023,,3560.37
05,64300,2024,,3632.22
05,64300,2025,,3670.03
05,75110,2019,,2557.02
05,75110,2020,,2677.81
05,75110,2021,,2686.67
05,75110,2022,,2743.54
05,75110,2023,,2827.49
05,75110,2024,,2883.72
05,75110,2025,,2951.56
05,31100,2019,,1780.96
05,31100,2020,,1860.09
05,31100,2021,,1917.96
05,31100,2022,,1911.81
05,31100,2023,,1988.98
05,31100,2024,,1977.33
05,31100,2025,,2075.81
05,32101,2019,,1410.80
05,32101,2020,,1407.11
05,32101,2021,,1442.77
05,32101,2022,,1487.26
05,32101,2023,,1527.51
05,32101,2024,,1568.74
05,32101,2025,,1630.02
06,21211,2019,,961.77
06,21211,2020,,968.56
06,21211,2021,,983.11
06,21211,2022,,1038.35
06,21211,2023,,1036.28
06,21211,2024,,1073.77
06,21211,2025,,1081.17
06,21220,2019,,678.90
06,21220,2020,,695.07
06,21220,2021,,728.20
06,21220,2022,,740.76
06,21220,2023,,752.07
06,21220,2024,,773.48
06,21220,2025,,788.80
06,21221,2019,,1167.75
06,21221,2020,,1200.65
06,21221,2021,,1206.51
06,21221,2022,,1235.71
06,21221,2023,,1290.04
06,21221,2024,,1325.90
06,21221,2025,,1314.10
06,21222,2019,,1903.94
06,21222,2020,,1967.79
06,21222,2021,,1963.08
06,21222,2022,,2047.95
06,21222,2023,,2053.05
06,21222,2024,,2141.82
06,21222,2025,,2187.40
06,21223,2019,,956.77
06,21223,2020,,962.27
06,21223,2021,,991.52
06,21223,2022,,1022.18
06,21223,2023,,1028.80
06,21223,2024,,1056.28
06,21223,2025,,1097.09
06,21230,2019,,1563.98
06,21230,2020,,1627.25
06,21230,2021,,1684.53
06,21230,2022,,1699.08
06,21230,2023,,1742.33
06,21230,2024,,1778.38
06,21230,2025,,1790.19
06,22210,2019,,1270.09
06,22210,2020,,1317.23
06,22210,2021,,1343.07
06,22210,2022,,1356.13
06,22210,2023,,1410.76
06,22210,2024,,1439.18
06,22210,2025,,1462.51
06,41402,2019,,780.54
06,41402,2020,,808.23
06,41402,2021,,817.47
06,41402,2022,,867.95
06,41402,2023,,885.84
06,41402,2024,,875.37
06,41402,2025,,927.03
06,60010,2019,,2496.35
06,60010,2020,,2593.03
06,60010,2021,,2691.01
06,60010,2022,,2752.56
06,60010,2023,,2839.56
06,60010,2024,,2866.96
06,60010,2025,,2906.60
06,64300,2019,,3458.87
06,64300,2020,,3453.70
06,64300,2021,,3602.31
06,64300,2022,,3690.56
06,64300,2023,,3696.52
06,64300,2024,,3828.22
06,64300,2025,,3913.01
06,75110,2019,,2760.33
06,75110,2020,,2836.70
06,75110,2021,,2866.67
06,75110,2022,,2912.62
06,75110,2023,,3022.93
06,75110,2024,,3091.42
06,75110,2025,,3187.67
06,31100,2019,,1886.84
06,31100,2020,,1913.12
06,31100,2021,,1958.66
06,31100,2022,,2026.23
06,31100,2023,,2104.19
06,31100,2024,,2141.55
06,31100,2025,,2189.71
06,32101,2019,,1503.19
06,32101,2020,,1502.80
06,32101,2021,,1543.49
06,32101,2022,,1574.51
06,32101,2023,,1653.75
06,32101,2024,,1677.66
06,32101,2025,,1674.59
07,21211,2019,,911.14
07,21211,2020,,917.73
07,21211,2021,,951.90
07,21211,2022,,978.33
07,21211,2023,,966.60
07,21211,2024,,996.52
07,21211,2025,,1015.10
07,21220,2019,,637.87
07,21220,2020,,667.55
07,21220,2021,,685.78
07,21220,2022,,683.33
07,21220,2023,,718.74
07,21220,2024,,725.42
07,21220,2025,,737.10
07,21221,2019,,1087.56
07,21221,2020,,1141.67
07,21221,2021,,1130.76
07,21221,2022,,1177.84
07,21221,2023,,1194.59
07,21221,2024,,1248.02
07,21221,2025,,1272.48
07,21222,2019,,1786.96
07,21222,2020,,1848.61
07,21222,2021,,1896.75
07,21222,2022,,1913.25
07,21222,2023,,1955.77
07,21222,2024,,1987.97
07,21222,2025,,2076.35
07,21223,2019,,889.96
07,21223,2020,,913.35
07,21223,2021,,925.34
07,21223,2022,,980.83
07,21223,2023,,1000.67
07,21223,2024,,1024.97
07,21223,2025,,1036.76
07,21230,2019,,1495.63
07,21230,2020,,1534.23
07,21230,2021,,1599.45
07,21230,2022,,1634.26
07,21230,2023,,1654.09
07,21230,2024,,1699.83
07,21230,2025,,1706.81
07,22210,2019,,1195.98
07,22210,2020,,1210.38
07,22210,2021,,1249.63
07,22210,2022,,1297.79
07,22210,2023,,1312.88
07,22210,2024,,1363.28
07,22210,2025,,1364.46
07,41402,2019,,756.23
07,41402,2020,,776.63
07,41402,2021,,797.92
07,41402,2022,,804.95
07,41402,2023,,836.79
07,41402,2024,,842.24
07,41402,2025,,847.06
07,60010,2019,,2375.31
07,60010,2020,,2426.07
07,60010,2021,,2526.41
07,60010,2022,,2612.83
07,60010,2023,,2665.03
07,60010,2024,,2645.16
07,60010,2025,,2775.55
07,64300,2019,,3160.38
07,64300,2020,,3243.28
07,64300,2021,,3372.16
07,64300,2022,,3440.02
07,64300,2023,,3557.09
07,64300,2024,,3540.60
07,64300,2025,,3706.18
07,75110,2019,,2623.33
07,75110,2020,,2666.06
07,75110,2021,,2718.73
07,75110,2022,,2824.70
07,75110,2023,,2828.55
07,75110,2024,,2966.33
07,75110,2025,,2922.30
07,31100,2019,,1831.48
07,31100,2020,,1875.43
07,31100,2021,,1854.92
07,31100,2022,,1965.59
07,31100,2023,,1969.74
07,31100,2024,,1995.98
07,31100,2025,,2071.74
07,32101,2019,,1383.45
07,32101,2020,,1455.98
07,32101,2021,,1468.19
07,32101,2022,,1515.36
07,32101,2023,,1525.99
07,32101,2024,,1570.69
07,32101,2025,,1595.62
08,21211,2019,,864.67
08,21211,2020,,893.54
08,21211,2021,,913.52
08,21211,2022,,919.63
08,21211,2023,,974.54
08,21211,2024,,976.93
08,21211,2025,,1014.22
08,21220,2019,,640.95
08,21220,2020,,641.67
08,21220,2021,,657.56
08,21220,2022,,676.70
08,21220,2023,,682.84
08,21220,2024,,696.42
08,21220,2025,,715.75
08,21221,2019,,1085.56
08,21221,2020,,1095.00
08,21221,2021,,1112.96
08,21221,2022,,1126.45
08,21221,2023,,1160.65
08,21221,2024,,1189.73
08,21221,2025,,1239.28
08,21222,2019,,1745.95
08,21222,2020,,1797.20
08,21222,2021,,1840.75
08,21222,2022,,1851.12
08,21222,2023,,1936.86
08,21222,2024,,1992.75
08,21222,2025,,2012.58
08,21223,2019,,872.67
08,21223,2020,,881.23
08,21223,2021,,924.40
08,21223,2022,,922.27
08,21223,2023,,964.56
08,21223,2024,,977.66
08,21223,2025,,1017.30
08,21230,2019,,1457.45
08,21230,2020,,1496.91
08,21230,2021,,1495.82
08,21230,2022,,1528.67
08,21230,2023,,1615.65
08,21230,2024,,1659.23
08,21230,2025,,1678.92
08,22210,2019,,1176.31
08,22210,2020,,1186.60
08,22210,2021,,1234.85
08,22210,2022,,1232.79
08,22210,2023,,1285.40
08,22210,2024,,1278.55
08,22210,2025,,1334.46
08,41402,2019,,723.81
08,41402,2020,,747.74
08,41402,2021,,766.43
08,41402,2022,,782.49
08,41402,2023,,796.24
08,41402,2024,,814.70
08,41402,2025,,817.39
08,60010,2019,,2332.81
08,60010,2020,,2335.04
08,60010,2021,,2439.19
08,60010,2022,,2469.90
08,60010,2023,,2598.38
08,60010,2024,,2557.94
08,60010,2025,,2701.74
08,64300,2019,,3125.61
08,64300,2020,,3214.28
08,64300,2021,,3301.67
08,64300,2022,,3270.90
08,64300,2023,,3344.68
08,64300,2024,,3428.92
08,64300,2025,,3513.91
08,75110,2019,,2524.67
08,75110,2020,,2612.54
08,75110,2021,,2614.78
08,75110,2022,,2688.92
08,75110,2023,,2748.13
08,75110,2024,,2815.06
08,75110,2025,,2898.19
08,31100,2019,,1780.24
08,31100,2020,,1766.57
08,31100,2021,,1840.69
08,31100,2022,,1895.28
08,31100,2023,,1924.02
08,31100,2024,,1984.27
08,31100,2025,,2022.01
08,32101,2019,,1335.92
08,32101,2020,,1382.52
08,32101,2021,,1424.18
08,32101,2022,,1428.06
08,32101,2023,,1458.13
08,32101,2024,,1501.52
08,32101,2025,,1556.51
09,21211,2019,,870.69
09,21211,2020,,903.24
09,21211,2021,,916.03
09,21211,2022,,948.02
09,21211,2023,,940.65
09,21211,2024,,979.22
09,21211,2025,,982.31
09,21220,2019,,623.22
09,21220,2020,,654.50
09,21220,2021,,670.07
09,21220,2022,,674.35
09,21220,2023,,678.01
09,21220,2024,,694.39
09,21220,2025,,734.97
09,21221,2019,,1084.04
09,21221,2020,,1094.31
09,21221,2021,,1095.78
09,21221,2022,,1161.92
09,21221,2023,,1159.93
09,21221,2024,,1217.55
09,21221,2025,,1227.23
09,21222,2019,,1763.62
09,21222,2020,,1801.36
09,21222,2021,,1819.81
09,21222,2022,,1837.63
09,21222,2023,,1886.44
09,21222,2024,,1935.93
09,21222,2025,,2028.02
09,21223,2019,,869.13
09,21223,2020,,907.24
09,21223,2021,,907.47
09,21223,2022,,944.19
09,21223,2023,,942.36
09,21223,2024,,997.23
09,21223,2025,,1009.59
09,21230,2019,,1455.05
09,21230,2020,,1516.71
09,21230,2021,,1495.52
09,21230,2022,,1553.80
09,21230,2023,,1615.14
09,21230,2024,,1619.81
09,21230,2025,,1685.64
09,22210,2019,,1185.18
09,22210,2020,,1185.85
09,22210,2021,,1231.49
09,22210,2022,,1222.73
09,22210,2023,,1263.28
09,22210,2024,,1329.86
09,22210,2025,,1333.66
09,41402,2019,,723.30
09,41402,2020,,757.37
09,41402,2021,,759.27
09,41402,2022,,784.46
09,41402,2023,,801.90
09,41402,2024,,801.59
09,41402,2025,,837.80
09,60010,2019,,2355.75
09,60010,2020,,2401.85
09,60010,2021,,2395.59
09,60010,2022,,2457.88
09,60010,2023,,2571.27
09,60010,2024,,2622.29
09,60010,2025,,2693.89
09,64300,2019,,3081.24
09,64300,2020,,3125.42
09,64300,2021,,3184.13
09,64300,2022,,3297.65
09,64300,2023,,3380.52
09,64300,2024,,3445.73
09,64300,2025,,3505.45
09,75110,2019,,2490.46
09,75110,2020,,2574.73
09,75110,2021,,2645.13
09,75110,2022,,2690.12
09,75110,2023,,2709.81
09,75110,2024,,2809.17
09,75110,2025,,2843.62
09,31100,2019,,1752.85
09,31100,2020,,1773.61
09,31100,2021,,1818.85
09,31100,2022,,1853.70
09,31100,2023,,1903.68
09,31100,2024,,1923.74
09,31100,2025,,2033.35
09,32101,2019,,1380.01
09,32101,2020,,1415.81
09,32101,2021,,1425.28
09,32101,2022,,1434.66
09,32101,2023,,1480.22
09,32101,2024,,1499.54
09,32101,2025,,1544.13
10,21211,2019,,872.76
10,21211,2020,,877.48
10,21211,2021,,911.23
10,21211,2022,,931.68
10,21211,2023,,955.53
10,21211,2024,,961.57
10,21211,2025,,990.68
10,21220,2019,,624.11
10,21220,2020,,648.23
10,21220,2021,,662.31
10,21220,2022,,666.79
10,21220,2023,,679.68
10,21220,2024,,700.90
10,21220,2025,,735.64
10,21221,2019,,1059.84
10,21221,2020,,1096.79
10,21221,2021,,1130.23
10,21221,2022,,1134.54
10,21221,2023,,1160.88
10,21221,2024,,1210.57
10,21221,2025,,1240.56
10,21222,2019,,1779.12
10,21222,2020,,1760.16
10,21222,2021,,1814.13
10,21222,2022,,1902.71
10,21222,2023,,1889.38
10,21222,2024,,1941.70
10,21222,2025,,2038.42
10,21223,2019,,889.37
10,21223,2020,,885.63
10,21223,2021,,920.74
10,21223,2022,,934.30
10,21223,2023,,959.03
10,21223,2024,,968.04
10,21223,2025,,995.66
10,21230,2019,,1473.42
10,21230,2020,,1482.09
10,21230,2021,,1499.18
10,21230,2022,,1561.70
10,21230,2023,,1599.43
10,21230,2024,,1633.18
10,21230,2025,,1679.82
10,22210,2019,,1166.33
10,22210,2020,,1212.35
10,22210,2021,,1216.29
10,22210,2022,,1256.56
10,22210,2023,,1271.70
10,22210,2024,,1293.28
10,22210,2025,,1344.45
10,41402,2019,,736.78
10,41402,2020,,753.03
10,41402,2021,,758.58
10,41402,2022,,778.84
10,41402,2023,,801.02
10,41402,2024,,806.69
10,41402,2025,,839.14
10,60010,2019,,2348.04
10,60010,2020,,2409.08
10,60010,2021,,2394.80
10,60010,2022,,2541.27
10,60010,2023,,2547.56
10,60010,2024,,2597.97
10,60010,2025,,2669.02
10,64300,2019,,3156.20
10,64300,2020,,3199.74
10,64300,2021,,3254.10
10,64300,2022,,3361.78
10,64300,2023,,3380.47
10,64300,2024,,3532.78
10,64300,2025,,3563.00
10,75110,2019,,2535.94
10,75110,2020,,2537.18
10,75110,2021,,2667.74
10,75110,2022,,2717.07
10,75110,2023,,2746.13
10,75110,2024,,2842.30
10,75110,2025,,2837.98
10,31100,2019,,1779.78
10,31100,2020,,1798.84
10,31100,2021,,1819.90
10,31100,2022,,1888.16
10,31100,2023,,1947.88
10,31100,2024,,1950.80
10,31100,2025,,1962.05
10,32101,2019,,1344.89
10,32101,2020,,1389.83
10,32101,2021,,1422.25
10,32101,2022,,1458.56
10,32101,2023,,1491.79
10,32101,2024,,1518.22
10,32101,2025,,1549.74
11,21211,2019,,882.51
11,21211,2020,,896.24
11,21211,2021,,913.64
11,21211,2022,,928.84
11,21211,2023,,937.95
11,21211,2024,,962.65
11,21211,2025,,997.25
11,21220,2019,,642.14
11,21220,2020,,635.10
11,21220,2021,,671.47
11,21220,2022,,665.34
11,21220,2023,,685.34
11,21220,2024,,705.16
11,21220,2025,,714.19
11,21221,2019,,1066.27
11,21221,2020,,1090.50
11,21221,2021,,1113.88
11,21221,2022,,1151.32
11,21221,2023,,1160.14
11,21221,2024,,1185.93
11,21221,2025,,1238.15
11,21222,2019,,1719.12
11,21222,2020,,1811.11
11,21222,2021,,1838.05
11,21222,2022,,1882.51
11,21222,2023,,1886.59
11,21222,2024,,1994.11
11,21222,2025,,1980.74
11,21223,2019,,861.63
11,21223,2020,,880.94
11,21223,2021,,915.81
11,21223,2022,,951.77
11,21223,2023,,945.87
11,21223,2024,,974.41
11,21223,2025,,987.99
11,21230,2019,,1463.18
11,21230,2020,,1484.42
11,21230,2021,,1494.02
11,21230,2022,,1564.83
11,21230,2023,,1574.26
11,21230,2024,,1636.21
11,21230,2025,,1660.28
11,22210,2019,,1173.53
11,22210,2020,,1176.76
11,22210,2021,,1230.45
11,22210,2022,,1261.57
11,22210,2023,,1252.53
11,22210,2024,,1283.39
11,22210,2025,,1354.01
11,41402,2019,,718.39
11,41402,2020,,739.05
11,41402,2021,,760.06
11,41402,2022,,771.46
11,41402,2023,,808.33
11,41402,2024,,816.00
11,41402,2025,,838.49
11,60010,2019,,2337.03
11,60010,2020,,2392.15
11,60010,2021,,2444.80
11,60010,2022,,2477.19
11,60010,2023,,2584.92
11,60010,2024,,2620.57
11,60010,2025,,2701.80
11,64300,2019,,3129.58
11,64300,2020,,3149.66
11,64300,2021,,3263.30
11,64300,2022,,3267.94
11,64300,2023,,3349.80
11,64300,2024,,3424.60
11,64300,2025,,3530.05
11,75110,2019,,2490.03
11,75110,2020,,2599.97
11,75110,2021,,2640.49
11,75110,2022,,2691.22
11,75110,2023,,2722.14
11,75110,2024,,2812.54
11,75110,2025,,2854.34
11,31100,2019,,1755.46
11,31100,2020,,1799.98
11,31100,2021,,1837.86
11,31100,2022,,1906.64
11,31100,2023,,1916.46
11,31100,2024,,1955.43
11,31100,2025,,1972.44
11,32101,2019,,1347.93
11,32101,2020,,1386.51
11,32101,2021,,1395.81
11,32101,2022,,1445.68
11,32101,2023,,1458.14
11,32101,2024,,1499.40
11,32101,2025,,1576.14
12,21211,2019,,916.70
12,21211,2020,,920.90
12,21211,2021,,941.69
12,21211,2022,,970.66
12,21211,2023,,982.37
12,21211,2024,,1022.08
12,21211,2025,,1031.10
12,21220,2019,,639.15
12,21220,2020,,652.47
12,21220,2021,,687.35
12,21220,2022,,690.10
12,21220,2023,,705.48
12,21220,2024,,729.36
12,21220,2025,,735.13
12,21221,2019,,1098.12
12,21221,2020,,1136.22
12,21221,2021,,1163.43
12,21221,2022,,1180.00
12,21221,2023,,1186.11
12,21221,2024,,1213.44
12,21221,2025,,1274.68
12,21222,2019,,1823.28
12,21222,2020,,1831.59
12,21222,2021,,1908.06
12,21222,2022,,1891.74
12,21222,2023,,1988.67
12,21222,2024,,2020.48
12,21222,2025,,2103.55
12,21223,2019,,885.69
12,21223,2020,,932.86
12,21223,2021,,951.35
12,21223,2022,,955.74
12,21223,2023,,1005.39
12,21223,2024,,1006.34
12,21223,2025,,1025.32
12,21230,2019,,1519.00
12,21230,2020,,1530.76
12,21230,2021,,1600.81
12,21230,2022,,1623.60
12,21230,2023,,1625.55
12,21230,2024,,1701.51
12,21230,2025,,1725.32
12,22210,2019,,1192.83
12,22210,2020,,1237.95
12,22210,2021,,1262.50
12,22210,2022,,1267.55
12,22210,2023,,1295.30
12,22210,2024,,1328.72
12,22210,2025,,1359.30
12,41402,2019,,736.78
12,41402,2020,,762.67
12,41402,2021,,778.02
12,41402,2022,,804.19
12,41402,2023,,815.62
12,41402,2024,,847.17
12,41402,2025,,852.39
12,60010,2019,,2377.66
12,60010,2020,,2490.36
12,60010,2021,,2560.45
12,60010,2022,,2587.87
12,60010,2023,,2585.98
12,60010,2024,,2738.77
12,60010,2025,,2782.27
12,64300,2019,,3253.60
12,64300,2020,,3338.09
12,64300,2021,,3398.06
12,64300,2022,,3374.79
12,64300,2023,,3556.03
12,64300,2024,,3549.42
12,64300,2025,,3698.80
12,75110,2019,,2634.16
12,75110,2020,,2687.62
12,75110,2021,,2740.16
12,75110,2022,,2782.38
12,75110,2023,,2856.40
12,75110,2024,,2886.12
12,75110,2025,,2969.85
12,31100,2019,,1796.54
12,31100,2020,,1851.24
12,31100,2021,,1912.39
12,31100,2022,,1895.71
12,31100,2023,,1972.63
12,31100,2024,,1998.85
12,31100,2025,,2099.14
12,32101,2019,,1392.67
12,32101,2020,,1457.99
12,32101,2021,,1455.02
12,32101,2022,,1469.01
12,32101,2023,,1550.13
12,32101,2024,,1583.18
12,32101,2025,,1619.48
13,21211,2019,,952.41
13,21211,2020,,982.35
13,21211,2021,,992.73
13,21211,2022,,1003.51
13,21211,2023,,1046.28
13,21211,2024,,1056.81
13,21211,2025,,1090.38
13,21220,2019,,681.06
13,21220,2020,,698.32
13,21220,2021,,730.53
13,21220,2022,,732.86
13,21220,2023,,756.96
13,21220,2024,,774.01
13,21220,2025,,789.26
13,21221,2019,,1158.71
13,21221,2020,,1201.53
13,21221,2021,,1198.21
13,21221,2022,,1228.32
13,21221,2023,,1291.53
13,21221,2024,,1304.29
13,21221,2025,,1316.36
13,21222,2019,,1935.30
13,21222,2020,,1947.30
13,21222,2021,,1956.90
13,21222,2022,,2080.13
13,21222,2023,,2064.80
13,21222,2024,,2153.87
13,21222,2025,,2154.72
13,21223,2019,,959.72
13,21223,2020,,962.63
13,21223,2021,,1015.67
13,21223,2022,,1012.12
13,21223,2023,,1051.30
13,21223,2024,,1058.20
13,21223,2025,,1087.85
13,21230,2019,,1615.68
13,21230,2020,,1604.81
13,21230,2021,,1657.08
13,21230,2022,,1689.01
13,21230,2023,,1755.30
13,21230,2024,,1762.51
13,21230,2025,,1833.76
13,22210,2019,,1282.36
13,22210,2020,,1275.29
13,22210,2021,,1329.95
13,22210,2022,,1341.79
13,22210,2023,,1377.87
13,22210,2024,,1435.43
13,22210,2025,,1429.33
13,41402,2019,,801.22
13,41402,2020,,823.60
13,41402,2021,,848.24
13,41402,2022,,848.48
13,41402,2023,,857.89
13,41402,2024,,875.44
13,41402,2025,,906.95
13,60010,2019,,2567.48
13,60010,2020,,2561.12
13,60010,2021,,2642.49
13,60010,2022,,2765.11
13,60010,2023,,2745.81
13,60010,2024,,2881.51
13,60010,2025,,2945.42
13,64300,2019,,3342.23
13,64300,2020,,3538.44
13,64300,2021,,3499.11
13,64300,2022,,3635.90
13,64300,2023,,3641.96
13,64300,2024,,3823.25
13,64300,2025,,3878.54
13,75110,2019,,2780.52
13,75110,2020,,2833.83
13,75110,2021,,2844.01
13,75110,2022,,2940.15
13,75110,2023,,3040.96
13,75110,2024,,3132.32
13,75110,2025,,3106.66
13,31100,2019,,1877.51
13,31100,2020,,1971.59
13,31100,2021,,2003.93
13,31100,2022,,2033.23
13,31100,2023,,2128.41
13,31100,2024,,2121.89
13,31100,2025,,2155.41
13,32101,2019,,1470.76
13,32101,2020,,1492.89
13,32101,2021,,1556.37
13,32101,2022,,1595.12
13,32101,2023,,1632.31
13,32101,2024,,1681.25
13,32101,2025,,1713.89
14,21211,2019,,912.52
14,21211,2020,,926.53
14,21211,2021,,934.40
14,21211,2022,,964.22
14,21211,2023,,986.08
14,21211,2024,,1018.37
14,21211,2025,,1023.13
14,21220,2019,,638.42
14,21220,2020,,675.53
14,21220,2021,,692.62
14,21220,2022,,695.75
14,21220,2023,,700.87
14,21220,2024,,728.26
14,21220,2025,,747.82
14,21221,2019,,1101.24
14,21221,2020,,1146.80
14,21221,2021,,1173.60
14,21221,2022,,1198.10
14,21221,2023,,1187.01
14,21221,2024,,1250.24
14,21221,2025,,1264.25
14,21222,2019,,1790.31
14,21222,2020,,1854.87
14,21222,2021,,1903.55
14,21222,2022,,1962.11
14,21222,2023,,1992.72
14,21222,2024,,1977.75
14,21222,2025,,2027.44
14,21223,2019,,891.44
14,21223,2020,,903.75
14,21223,2021,,925.32
14,21223,2022,,974.69
14,21223,2023,,985.96
14,21223,2024,,1013.56
14,21223,2025,,1031.61
14,21230,2019,,1494.93
14,21230,2020,,1546.89
14,21230,2021,,1543.57
14,21230,2022,,1608.25
14,21230,2023,,1650.46
14,21230,2024,,1665.66
14,21230,2025,,1706.20
14,22210,2019,,1200.54
14,22210,2020,,1213.03
14,22210,2021,,1271.31
14,22210,2022,,1286.59
14,22210,2023,,1308.52
14,22210,2024,,1351.72
14,22210,2025,,1393.82
14,41402,2019,,755.43
14,41402,2020,,753.93
14,41402,2021,,791.13
14,41402,2022,,810.34
14,41402,2023,,832.80
14,41402,2024,,825.45
14,41402,2025,,845.41
14,60010,2019,,2393.71
14,60010,2020,,2450.62
14,60010,2021,,2522.60
14,60010,2022,,2549.84
14,60010,2023,,2653.95
14,60010,2024,,2714.88
14,60010,2025,,2708.96
14,64300,2019,,3226.61
14,64300,2020,,3299.99
14,64300,2021,,3303.86
14,64300,2022,,3488.00
14,64300,2023,,3507.94
14,64300,2024,,3625.91
14,64300,2025,,3700.17
14,75110,2019,,2565.36
14,75110,2020,,2620.11
14,75110,2021,,2751.57
14,75110,2022,,2757.81
14,75110,2023,,2891.59
14,75110,2024,,2944.70
14,75110,2025,,2923.97
14,31100,2019,,1822.11
14,31100,2020,,1824.61
14,31100,2021,,1850.89
14,31100,2022,,1943.45
14,31100,2023,,1977.45
14,31100,2024,,1982.63
14,31100,2025,,2059.43
14,32101,2019,,1392.17
14,32101,2020,,1432.18
14,32101,2021,,1469.06
14,32101,2022,,1490.91
14,32101,2023,,1518.29
14,32101,2024,,1543.66
14,32101,2025,,1609.40
15,21211,2019,,908.02
15,21211,2020,,910.70
15,21211,2021,,942.21
15,21211,2022,,945.97
15,21211,2023,,1000.01
15,21211,2024,,998.07
15,21211,2025,,1030.40
15,21220,2019,,646.96
15,21220,2020,,655.64
15,21220,2021,,691.98
15,21220,2022,,705.84
15,21220,2023,,713.40
15,21220,2024,,740.33
15,21220,2025,,752.19
15,21221,2019,,1096.45
15,21221,2020,,1117.28
15,21221,2021,,1147.33
15,21221,2022,,1188.04
15,21221,2023,,1193.72
15,21221,2024,,1211.64
15,21221,2025,,1254.39
15,21222,2019,,1800.15
15,21222,2020,,1871.01
15,21222,2021,,1859.59
15,21222,2022,,1950.54
15,21222,2023,,2009.36
15,21222,2024,,2053.37
15,21222,2025,,2027.55
15,21223,2019,,898.74
15,21223,2020,,912.68
15,21223,2021,,954.87
15,21223,2022,,956.88
15,21223,2023,,987.79
15,21223,2024,,988.53
15,21223,2025,,1019.21
15,21230,2019,,1503.83
15,21230,2020,,1522.46
15,21230,2021,,1577.50
15,21230,2022,,1603.58
15,21230,2023,,1648.86
15,21230,2024,,1680.17
15,21230,2025,,1738.02
15,22210,2019,,1185.38
15,22210,2020,,1247.26
15,22210,2021,,1268.92
15,22210,2022,,1271.62
15,22210,2023,,1288.32
15,22210,2024,,1339.66
15,22210,2025,,1360.73
15,41402,2019,,745.39
15,41402,2020,,777.67
15,41402,2021,,796.74
15,41402,2022,,817.43
15,41402,2023,,805.04
15,41402,2024,,845.60
15,41402,2025,,871.64
15,60010,2019,,2421.81
15,60010,2020,,2416.30
15,60010,2021,,2514.66
15,60010,2022,,2542.53
15,60010,2023,,2627.70
15,60010,2024,,2641.65
15,60010,2025,,2805.52
15,64300,2019,,3227.09
15,64300,2020,,3220.31
15,64300,2021,,3405.32
15,64300,2022,,3480.36
15,64300,2023,,3507.48
15,64300,2024,,3614.13
15,64300,2025,,3649.08
15,75110,2019,,2649.35
15,75110,2020,,2615.64
15,75110,2021,,2676.96
15,75110,2022,,2742.75
15,75110,2023,,2884.02
15,75110,2024,,2863.53
15,75110,2025,,2988.16
15,31100,2019,,1795.32
15,31100,2020,,1875.59
15,31100,2021,,1863.92
15,31100,2022,,1908.65
15,31100,2023,,1956.81
15,31100,2024,,2041.01
15,31100,2025,,2079.69
15,32101,2019,,1413.18
15,32101,2020,,1421.78
15,32101,2021,,1451.78
15,32101,2022,,1473.34
15,32101,2023,,1515.08
15,32101,2024,,1586.14
15,32101,2025,,1610.09
16,21211,2019,,940.85
16,21211,2020,,962.84
16,21211,2021,,997.03
16,21211,2022,,1017.53
16,21211,2023,,1046.34
16,21211,2024,,1088.74
16,21211,2025,,1080.67
16,21220,2019,,683.72
16,21220,2020,,698.22
16,21220,2021,,710.10
16,21220,2022,,727.54
16,21220,2023,,760.22
16,21220,2024,,782.04
16,21220,2025,,795.94
16,21221,2019,,1144.56
16,21221,2020,,1208.85
16,21221,2021,,1211.85
16,21221,2022,,1227.91
16,21221,2023,,1264.17
16,21221,2024,,1298.86
16,21221,2025,,1337.17
16,21222,2019,,1921.52
16,21222,2020,,1933.16
16,21222,2021,,2035.97
16,21222,2022,,2004.39
16,21222,2023,,2081.69
16,21222,2024,,2133.66
16,21222,2025,,2208.62
16,21223,2019,,944.45
16,21223,2020,,974.46
16,21223,2021,,1010.52
16,21223,2022,,1006.64
16,21223,2023,,1024.45
16,21223,2024,,1083.00
16,21223,2025,,1114.56
16,21230,2019,,1566.51
16,21230,2020,,1647.63
16,21230,2021,,1655.48
16,21230,2022,,1711.12
16,21230,2023,,1751.48
16,21230,2024,,1787.32
16,21230,2025,,1804.85
16,22210,2019,,1287.91
16,22210,2020,,1276.37
16,22210,2021,,1307.99
16,22210,2022,,1383.73
16,22210,2023,,1389.97
16,22210,2024,,1404.00
16,22210,2025,,1481.57
16,41402,2019,,805.47
16,41402,2020,,807.81
16,41402,2021,,816.77
16,41402,2022,,849.80
16,41402,2023,,859.14
16,41402,2024,,893.36
16,41402,2025,,922.94
16,60010,2019,,2533.32
16,60010,2020,,2553.53
16,60010,2021,,2681.88
16,60010,2022,,2687.96
16,60010,2023,,2754.45
16,60010,2024,,2814.66
16,60010,2025,,2890.21
16,64300,2019,,3444.02
16,64300,2020,,3405.43
16,64300,2021,,3566.75
16,64300,2022,,3594.55
16,64300,2023,,3684.55
16,64300,2024,,3787.06
16,64300,2025,,3895.73
16,75110,2019,,2707.60
16,75110,2020,,2794.55
16,75110,2021,,2842.38
16,75110,2022,,2915.10
16,75110,2023,,3064.88
16,75110,2024,,3091.05
16,75110,2025,,3175.40
16,31100,2019,,1931.06
16,31100,2020,,1974.90
16,31100,2021,,2035.87
16,31100,2022,,2065.74
16,31100,2023,,2077.91
16,31100,2024,,2141.55
16,31100,2025,,2185.58
16,32101,2019,,1508.50
16,32101,2020,,1518.28
16,32101,2021,,1546.12
16,32101,2022,,1568.42
16,32101,2023,,1613.54
16,32101,2024,,1644.01
16,32101,2025,,1727.86
17,21211,2019,,910.03
17,21211,2020,,904.44
17,21211,2021,,960.39
17,21211,2022,,964.67
17,21211,2023,,996.22
17,21211,2024,,1028.52
17,21211,2025,,1051.12
17,21220,2019,,639.60
17,21220,2020,,669.12
17,21220,2021,,673.89
17,21220,2022,,704.69
17,21220,2023,,723.78
17,21220,2024,,715.33
17,21220,2025,,759.81
17,21221,2019,,1087.65
17,21221,2020,,1140.90
17,21221,2021,,1164.88
17,21221,2022,,1170.82
17,21221,2023,,1221.09
17,21221,2024,,1249.47
17,21221,2025,,1244.47
17,21222,2019,,1806.66
17,21222,2020,,1863.95
17,21222,2021,,1898.64
17,21222,2022,,1958.99
17,21222,2023,,1934.20
17,21222,2024,,2032.92
17,21222,2025,,2100.06
17,21223,2019,,902.29
17,21223,2020,,923.02
17,21223,2021,,930.13
17,21223,2022,,982.35
17,21223,2023,,1000.75
17,21223,2024,,1008.06
17,21223,2025,,1023.69
17,21230,2019,,1499.43
17,21230,2020,,1509.35
17,21230,2021,,1553.00
17,21230,2022,,1587.84
17,21230,2023,,1644.57
17,21230,2024,,1647.05
17,21230,2025,,1748.01
17,22210,2019,,1185.67
17,22210,2020,,1209.46
17,22210,2021,,1266.73
17,22210,2022,,1306.24
17,22210,2023,,1332.37
17,22210,2024,,1335.01
17,22210,2025,,1349.12
17,41402,2019,,752.60
17,41402,2020,,780.05
17,41402,2021,,793.51
17,41402,2022,,814.08
17,41402,2023,,833.27
17,41402,2024,,855.79
17,41402,2025,,855.29
17,60010,2019,,2442.42
17,60010,2020,,2444.95
17,60010,2021,,2471.59
17,60010,2022,,2549.06
17,60010,2023,,2590.31
17,60010,2024,,2652.15
17,60010,2025,,2800.21
17,64300,2019,,3237.36
17,64300,2020,,3333.92
17,64300,2021,,3368.88
17,64300,2022,,3381.27
17,64300,2023,,3570.43
17,64300,2024,,3613.08
17,64300,2025,,3730.70
17,75110,2019,,2629.85
17,75110,2020,,2630.35
17,75110,2021,,2730.66
17,75110,2022,,2747.41
17,75110,2023,,2825.58
17,75110,2024,,2935.04
17,75110,2025,,2935.65
17,31100,2019,,1816.48
17,31100,2020,,1874.46
17,31100,2021,,1917.56
17,31100,2022,,1918.72
17,31100,2023,,2010.38
17,31100,2024,,2054.27
17,31100,2025,,2024.54
17,32101,2019,,1405.73
17,32101,2020,,1456.32
17,32101,2021,,1492.54
17,32101,2022,,1482.11
17,32101,2023,,1537.33
17,32101,2024,,1595.98
17,32101,2025,,1581.59
